Sasha,Robel,helmer@lesch.co,958.925.0478,2016-06-27 13:18:22 -0500
Valentina,Stehr,dariana@kilback.io,1-406-871-5805 x804,2016-06-27 13:18:22 -0500
Ollie,Veum,conner@schaden.io,(960) 762-2212 x126,2016-06-27 13:18:22 -0500
Rita,Kunze,durward@abshire.net,(458) 503-9439 x7339,2016-06-27 13:18:22 -0500
Sigurd,Schneider,anabel_lowe@brownrutherford.io,1-618-953-6964 x43417,2016-06-27 13:18:22 -0500
Emmie,Abshire,jacinthe_mann@willms.com,1-940-098-6781 x91123,2016-06-27 13:18:22 -0500
Doug,Zboncak,maybell.macejkovic@adamsmoen.io,(338) 745-6899 x482,2016-06-27 13:18:22 -0500
Edward,Herzog,justice.windler@stokes.org,1-329-253-0702 x35196,2016-06-27 13:18:22 -0500
Rhett,Kunze,brenda.hackett@grady.net,329-273-7281,2016-06-27 13:18:22 -0500
Caleb,Jacobson,braeden@hamill.co,(432) 154-5258 x548,2016-06-27 13:18:22 -0500
